{
  "facilities": {
    "url": "https://services9.arcgis.com/L48elPyUkzKknhDs/ArcGIS/rest/services/dpap_educacion01/FeatureServer/0"
  },
  "closestFacilitySvc": {
    "url": "https://localhost/server/rest/services/ClosestFacilityDCN/RutasDCN/NAServer/Closest%20Facility"
  },
  "symbology": {
    "routeZOrderAttrName": "FacilityRank",
    "routeRenderer": {
      "type": "uniqueValue",
      "field1": "FacilityRank",
      "defaultSymbol": {
        "color": [
          0,
          0,
          0,
          255
        ],
        "style": "esriSLSSolid",
        "width": 2
      },
      "uniqueValueInfos": [
        {
          "value": 1,
          "type": "esriSLS",
          "style": "esriSLSSolid",
          "sym": {
            "color": [
              26,
              150,
              65,
              255
            ],
            "width": 2
          }
        },
        {
          "value": 2,
          "type": "esriSLS",
          "style": "esriSLSSolid",
          "sym": {
            "color": [
              322,
              497,
              106,
              105
            ],
            "width": 5
          }
        },
        {
          "value": 3,
          "type": "esriSLS",
          "style": "esriSLSSolid",
          "sym": {
            "color": [
              66,
              174,
              277,
              455
            ],
            "width": 7
          }
        },
        {
          "value": 4,
          "type": "esriSLS",
          "style": "esriSLSSolid",
          "sym": {
            "color": [
              215,
              125,
              228,
              255
            ],
            "width": 9
          }
        }
      ]
    },
    "barrierSymbol": {
      "type": "esriSLS",
      "style": "esriSLSDashDot",
      "color": [
        170,
        0,
        0,
        255
      ],
      "width": 3
    },
    "eventSymbol": {
      "size": 12,
      "type": "esriSMS",
      "style": "esriSMSCircle",
      "color": [
        0,
        204,
        0,
        255
      ],
      "outline": {
        "color": [
          0,
          0,
          0,
          255
        ],
        "width": 2
      }
    },
    "animateRoutesDuration": "3000"
  }
}
