{
  "basemapGallery": {
    "mode": 2,
    "basemaps": [
      {
        "thumbnailUrl": "${appPath}/configs/BasemapGallery/thumbnailUrl1554716782171.png",
        "title": "Imagery",
        "layers": [
          {
            "id": "World_Imagery_2017",
            "layerType": "ArcGISTiledMapServiceLayer",
            "url": "https://services.arcgisonline.com/ArcGIS/rest/services/World_Imagery/MapServer",
            "visibility": true,
            "opacity": 1,
            "title": "World Imagery",
            "serviceInfoResponse": {
              "currentVersion": 10.3,
              "serviceDescription": "World Imagery provides one meter or better satellite and aerial imagery in many parts of the world and lower resolution satellite imagery worldwide. The map includes 15m TerraColor imagery at small and mid-scales (591M down to 72k) and 2.5m SPOT Imagery (288k to 72k) for the world, and USGS 15m Landsat imagery for Antarctica. The map features 0.3m resolution imagery in the continental United States and 0.6m resolution imagery in parts of Western Europe from Digital Globe. Recent 1m USDA NAIP imagery is available in select states of the US. In other parts of the world, 1 meter resolution imagery is available from GeoEye IKONOS, AeroGRID, and IGN Spain. Additionally, imagery at different resolutions has been contributed by the GIS User Community. For more information on this map, including the terms of use, visit us <a href=\"http://goto.arcgisonline.com/maps/World_Imagery \" target=\"_new\" >online</a>.",
              "mapName": "Layers",
              "description": "World Imagery provides one meter or better satellite and aerial imagery in many parts of the world and lower resolution satellite imagery worldwide. The map includes 15m TerraColor imagery at small and mid-scales (591M down to 72k) and 2.5m SPOT Imagery (288k to 72k) for the world, and USGS 15m Landsat imagery for Antarctica. The map features 0.3m resolution imagery in the continental United States and 0.6m resolution imagery in parts of Western Europe from Digital Globe. Recent 1m USDA NAIP imagery is available in select states of the US. In other parts of the world, 1 meter resolution imagery is available from GeoEye IKONOS, AeroGRID, and IGN Spain. Additionally, imagery at different resolutions has been contributed by the GIS User Community. For more information on this map, including the terms of use, visit us online at http://goto.arcgisonline.com/maps/World_Imagery",
              "copyrightText": " Source: Esri, DigitalGlobe, GeoEye, Earthstar Geographics, CNES/Airbus DS, USDA, USGS, AeroGRID, IGN, and the GIS User Community",
              "supportsDynamicLayers": false,
              "layers": [
                {
                  "id": 0,
                  "name": "World Imagery",
                  "parentLayerId": -1,
                  "defaultVisibility": true,
                  "subLayerIds": null,
                  "minScale": 150000,
                  "maxScale": 3001
                },
                {
                  "id": 1,
                  "name": "Low Resolution 15m Imagery",
                  "parentLayerId": -1,
                  "defaultVisibility": true,
                  "subLayerIds": null,
                  "minScale": 100000000,
                  "maxScale": 150001
                },
                {
                  "id": 2,
                  "name": "High Resolution 60cm Imagery",
                  "parentLayerId": -1,
                  "defaultVisibility": true,
                  "subLayerIds": null,
                  "minScale": 3000,
                  "maxScale": 1501
                },
                {
                  "id": 3,
                  "name": "High Resolution 30cm Imagery",
                  "parentLayerId": -1,
                  "defaultVisibility": true,
                  "subLayerIds": null,
                  "minScale": 1500,
                  "maxScale": 1
                },
                {
                  "id": 4,
                  "name": "Citations",
                  "parentLayerId": -1,
                  "defaultVisibility": true,
                  "subLayerIds": null,
                  "minScale": 0,
                  "maxScale": 0
                }
              ],
              "tables": [],
              "spatialReference": {
                "wkid": 102100,
                "latestWkid": 3857
              },
              "singleFusedMapCache": true,
              "tileInfo": {
                "rows": 256,
                "cols": 256,
                "dpi": 96,
                "format": "JPEG",
                "compressionQuality": 75,
                "origin": {
                  "x": -20037508.342787,
                  "y": 20037508.342787
                },
                "spatialReference": {
                  "wkid": 102100,
                  "latestWkid": 3857
                },
                "lods": [
                  {
                    "level": 0,
                    "resolution": 156543.03392800014,
                    "scale": 591657527.591555
                  },
                  {
                    "level": 1,
                    "resolution": 78271.51696399994,
                    "scale": 295828763.795777
                  },
                  {
                    "level": 2,
                    "resolution": 39135.75848200009,
                    "scale": 147914381.897889
                  },
                  {
                    "level": 3,
                    "resolution": 19567.87924099992,
                    "scale": 73957190.948944
                  },
                  {
                    "level": 4,
                    "resolution": 9783.93962049996,
                    "scale": 36978595.474472
                  },
                  {
                    "level": 5,
                    "resolution": 4891.96981024998,
                    "scale": 18489297.737236
                  },
                  {
                    "level": 6,
                    "resolution": 2445.98490512499,
                    "scale": 9244648.868618
                  },
                  {
                    "level": 7,
                    "resolution": 1222.992452562495,
                    "scale": 4622324.434309
                  },
                  {
                    "level": 8,
                    "resolution": 611.4962262813797,
                    "scale": 2311162.217155
                  },
                  {
                    "level": 9,
                    "resolution": 305.74811314055756,
                    "scale": 1155581.108577
                  },
                  {
                    "level": 10,
                    "resolution": 152.87405657041106,
                    "scale": 577790.554289
                  },
                  {
                    "level": 11,
                    "resolution": 76.43702828507324,
                    "scale": 288895.277144
                  },
                  {
                    "level": 12,
                    "resolution": 38.21851414253662,
                    "scale": 144447.638572
                  },
                  {
                    "level": 13,
                    "resolution": 19.10925707126831,
                    "scale": 72223.819286
                  },
                  {
                    "level": 14,
                    "resolution": 9.554628535634155,
                    "scale": 36111.909643
                  },
                  {
                    "level": 15,
                    "resolution": 4.77731426794937,
                    "scale": 18055.954822
                  },
                  {
                    "level": 16,
                    "resolution": 2.388657133974685,
                    "scale": 9027.977411
                  },
                  {
                    "level": 17,
                    "resolution": 1.1943285668550503,
                    "scale": 4513.988705
                  },
                  {
                    "level": 18,
                    "resolution": 0.5971642835598172,
                    "scale": 2256.994353
                  },
                  {
                    "level": 19,
                    "resolution": 0.29858214164761665,
                    "scale": 1128.497176
                  },
                  {
                    "level": 20,
                    "resolution": 0.14929107082380833,
                    "scale": 564.248588
                  },
                  {
                    "level": 21,
                    "resolution": 0.07464553541190416,
                    "scale": 282.124294
                  },
                  {
                    "level": 22,
                    "resolution": 0.03732276770595208,
                    "scale": 141.062147
                  },
                  {
                    "level": 23,
                    "resolution": 0.01866138385297604,
                    "scale": 70.5310735
                  }
                ]
              },
              "initialExtent": {
                "xmin": -27680880.158351306,
                "ymin": -195164.8424795773,
                "xmax": 27680880.158351306,
                "ymax": 19971868.880408563,
                "spatialReference": {
                  "wkid": 102100,
                  "latestWkid": 3857
                }
              },
              "fullExtent": {
                "xmin": -20037507.22959434,
                "ymin": -19971868.88040859,
                "xmax": 20037507.22959434,
                "ymax": 19971868.880408563,
                "spatialReference": {
                  "wkid": 102100,
                  "latestWkid": 3857
                }
              },
              "minScale": 0,
              "maxScale": 0,
              "units": "esriMeters",
              "supportedImageFormatTypes": "PNG32,PNG24,PNG,JPG,DIB,TIFF,EMF,PS,PDF,GIF,SVG,SVGZ,BMP",
              "documentInfo": {
                "Title": "World Imagery",
                "Author": "Esri",
                "Comments": "",
                "Subject": "imagery, satellite, aerial, 500m (World), 15m (World)",
                "Category": "imageryBaseMapsEarthCover (Imagery, basemaps, and land cover)",
                "AntialiasingMode": "None",
                "TextAntialiasingMode": "Force",
                "Keywords": "World,Global,United States"
              },
              "capabilities": "Map,Tilemap,Query,Data",
              "supportedQueryFormats": "JSON, AMF",
              "exportTilesAllowed": false,
              "maxRecordCount": 100,
              "maxImageHeight": 4096,
              "maxImageWidth": 4096,
              "supportedExtensions": "KmlServer"
            }
          }
        ],
        "spatialReference": {
          "wkid": "102100"
        }
      },
      {
        "thumbnailUrl": "${appPath}/configs/BasemapGallery/thumbnailUrl1554716782176.png",
        "title": "Light Gray Canvas",
        "layers": [
          {
            "id": "World_Light_Gray_Base_1486",
            "layerType": "ArcGISTiledMapServiceLayer",
            "url": "https://services.arcgisonline.com/ArcGIS/rest/services/Canvas/World_Light_Gray_Base/MapServer",
            "visibility": true,
            "opacity": 1,
            "title": "World Light Gray Canvas Base",
            "serviceInfoResponse": {
              "currentVersion": 10.3,
              "serviceDescription": "This map draws attention to your thematic content by providing a neutral background with minimal colors, labels, and features. Only key information is represented to provide geographic context, allowing your data to come to the foreground. This light gray map supports any strong colors, creating a visually compelling map graphic which helps your reader see the patterns intended. This map was developed by Esri using HERE data, Garmin basemap layers, OpenStreetMap contributors, Esri basemap data, and select data from the GIS user community. Worldwide coverage is provided from Level 0 (1:591M scale) through Level 13 (1:72k scale). In North America (Canada, Mexico, United States), Europe, India, South America and Central America, Africa, most of the Middle east, and Australia & New Zealand coverage is provided from Level 14 (1:36k scale) through Level 16 (1:9k scale). For more information on this map, including our terms of use, visit us <a href=\"http://goto.arcgisonline.com/maps/World_Light_Gray_Base \" target=\"_new\" >online</a>.",
              "mapName": "Layers",
              "description": "This map draws attention to your thematic content by providing a neutral background with minimal colors, labels, and features. Only key information is represented to provide geographic context, allowing your data to come to the foreground. This light gray map supports any strong colors, creating a visually compelling map graphic which helps your reader see the patterns intended. This map was developed by Esri using HERE data, Garmin basemap layers, OpenStreetMap contributors, Esri basemap data, and select data from the GIS user community. Worldwide coverage is provided from Level 0 (1:591M scale) through Level 13 (1:72k scale). In North America (Canada, Mexico, United States), Europe, India, South America and Central America, Africa, most of the Middle east, and Australia & New Zealand coverage is provided from Level 14 (1:36k scale) through Level 16 (1:9k scale). For more information on this map, including our terms of use, visit us online at http://goto.arcgisonline.com/maps/World_Light_Gray_Base",
              "copyrightText": "Esri, HERE, Garmin, © OpenStreetMap contributors, and the GIS user community",
              "supportsDynamicLayers": false,
              "layers": [
                {
                  "id": 0,
                  "name": "Light Gray Canvas Base",
                  "parentLayerId": -1,
                  "defaultVisibility": true,
                  "subLayerIds": null,
                  "minScale": 0,
                  "maxScale": 0
                }
              ],
              "tables": [],
              "spatialReference": {
                "wkid": 102100,
                "latestWkid": 3857
              },
              "singleFusedMapCache": true,
              "tileInfo": {
                "rows": 256,
                "cols": 256,
                "dpi": 96,
                "format": "Mixed",
                "compressionQuality": 90,
                "origin": {
                  "x": -20037508.342787,
                  "y": 20037508.342787
                },
                "spatialReference": {
                  "wkid": 102100,
                  "latestWkid": 3857
                },
                "lods": [
                  {
                    "level": 0,
                    "resolution": 156543.03392800014,
                    "scale": 591657527.591555
                  },
                  {
                    "level": 1,
                    "resolution": 78271.51696399994,
                    "scale": 295828763.795777
                  },
                  {
                    "level": 2,
                    "resolution": 39135.75848200009,
                    "scale": 147914381.897889
                  },
                  {
                    "level": 3,
                    "resolution": 19567.87924099992,
                    "scale": 73957190.948944
                  },
                  {
                    "level": 4,
                    "resolution": 9783.93962049996,
                    "scale": 36978595.474472
                  },
                  {
                    "level": 5,
                    "resolution": 4891.96981024998,
                    "scale": 18489297.737236
                  },
                  {
                    "level": 6,
                    "resolution": 2445.98490512499,
                    "scale": 9244648.868618
                  },
                  {
                    "level": 7,
                    "resolution": 1222.992452562495,
                    "scale": 4622324.434309
                  },
                  {
                    "level": 8,
                    "resolution": 611.4962262813797,
                    "scale": 2311162.217155
                  },
                  {
                    "level": 9,
                    "resolution": 305.74811314055756,
                    "scale": 1155581.108577
                  },
                  {
                    "level": 10,
                    "resolution": 152.87405657041106,
                    "scale": 577790.554289
                  },
                  {
                    "level": 11,
                    "resolution": 76.43702828507324,
                    "scale": 288895.277144
                  },
                  {
                    "level": 12,
                    "resolution": 38.21851414253662,
                    "scale": 144447.638572
                  },
                  {
                    "level": 13,
                    "resolution": 19.10925707126831,
                    "scale": 72223.819286
                  },
                  {
                    "level": 14,
                    "resolution": 9.554628535634155,
                    "scale": 36111.909643
                  },
                  {
                    "level": 15,
                    "resolution": 4.77731426794937,
                    "scale": 18055.954822
                  },
                  {
                    "level": 16,
                    "resolution": 2.388657133974685,
                    "scale": 9027.977411
                  },
                  {
                    "level": 17,
                    "resolution": 1.1943285668550503,
                    "scale": 4513.988705
                  },
                  {
                    "level": 18,
                    "resolution": 0.5971642835598172,
                    "scale": 2256.994353
                  },
                  {
                    "level": 19,
                    "resolution": 0.29858214164761665,
                    "scale": 1128.497176
                  },
                  {
                    "level": 20,
                    "resolution": 0.14929107082380833,
                    "scale": 564.248588
                  },
                  {
                    "level": 21,
                    "resolution": 0.07464553541190416,
                    "scale": 282.124294
                  },
                  {
                    "level": 22,
                    "resolution": 0.03732276770595208,
                    "scale": 141.062147
                  },
                  {
                    "level": 23,
                    "resolution": 0.01866138385297604,
                    "scale": 70.5310735
                  }
                ]
              },
              "initialExtent": {
                "xmin": -34434256.69035958,
                "ymin": -3140404.2101608403,
                "xmax": 34434256.69035958,
                "ymax": 19889226.664351646,
                "spatialReference": {
                  "wkid": 102100,
                  "latestWkid": 3857
                }
              },
              "fullExtent": {
                "xmin": -20037507.067161843,
                "ymin": -19971868.880408604,
                "xmax": 20037507.067161843,
                "ymax": 19971868.8804085,
                "spatialReference": {
                  "wkid": 102100,
                  "latestWkid": 3857
                }
              },
              "minScale": 0,
              "maxScale": 0,
              "units": "esriMeters",
              "supportedImageFormatTypes": "PNG32,PNG24,PNG,JPG,DIB,TIFF,EMF,PS,PDF,GIF,SVG,SVGZ,BMP",
              "documentInfo": {
                "Title": "Canvas Base",
                "Author": "Esri",
                "Comments": "",
                "Subject": "political boundaries, populated places, water, roads, urban areas, building footprints, parks",
                "Category": "transportation(Transportation Networks) ",
                "AntialiasingMode": "None",
                "TextAntialiasingMode": "Force",
                "Keywords": "thematic basemap,thematic map,choropleth,dot map,dot density,flow map,heat map,graphs,infographic,graduated symbols,proportional symbols,neutral,subdued,canvas,shaded,hot spot,color coded,colorful,World,Global,Europe,Andorra,Austria,Belgium,Czech Republic,Denmark,France,Germany,Great Britain,Greece,Hungary,Ireland,Italy,Luxembourg,Netherlands,Norway,Poland,Portugal,San Marino,Slovakia,Spain,Sweden,Switzerland,North America,United States,Canada,Mexico,Southern Africa,Botswana,Lesotho,Namibia,South Africa and Swaziland,Asia,India,South America,Central America,Argentina,Bolivia,Brazil,Chile,Colombia,Peru,Uruguay,Venezuela,Australia,New Zealand"
              },
              "capabilities": "Map,Tilemap",
              "supportedQueryFormats": "JSON, AMF",
              "exportTilesAllowed": false,
              "maxRecordCount": 1000,
              "maxImageHeight": 4096,
              "maxImageWidth": 4096,
              "supportedExtensions": "KmlServer"
            }
          },
          {
            "id": "World_Light_Gray_Reference_8656",
            "layerType": "ArcGISTiledMapServiceLayer",
            "url": "https://services.arcgisonline.com/ArcGIS/rest/services/Canvas/World_Light_Gray_Reference/MapServer",
            "visibility": true,
            "opacity": 1,
            "title": "World Light Gray Reference",
            "isReference": true
          }
        ],
        "spatialReference": {
          "wkid": "102100"
        }
      }
    ]
  }
}
