{
  "layout": {
    "definition": [
      {
        "type": "stack",
        "isClosable": true,
        "reorderEnabled": true,
        "title": "",
        "activeItemIndex": 0,
        "height": 100,
        "content": [
          {
            "type": "component",
            "isClosable": true,
            "componentName": "jimu grid",
            "componentState": {
              "id": "7494918299254627-2"
            },
            "reorderEnabled": true,
            "title": "jimu grid",
            "id": "7494918299254627-2"
          }
        ]
      }
    ]
  },
  "dijits": [
    {
      "id": "7494918299254627-1",
      "type": "text",
      "visible": false,
      "config": {
        "background": {
          "backgroundColor": "#FFF",
          "alignment": {
            "horizontal": "center",
            "vertical": "middle"
          },
          "link": ""
        },
        "font": {
          "font": {
            "fontFamily": "Arial",
            "bold": false,
            "italic": false,
            "underline": false
          },
          "fontSize": 16,
          "textColor": "#282828"
        },
        "text": "TITLE OF THE INFOGRAPHIC"
      }
    },
    {
      "id": "7494918299254627-2",
      "type": "chart",
      "visible": true,
      "config": {
        "mode": "category",
        "type": "column",
        "categoryField": "huellas_edificaciones1_csv_Us_1",
        "dateConfig": null,
        "valueFields": [
          "AlturaEdificios"
        ],
        "operation": "average",
        "nullValue": true,
        "sortOrder": {
          "isAsc": true,
          "isLabelAxis": true
        },
        "maxLabels": "",
        "backgroundColor": "#fff",
        "seriesStyle": {
          "styles": [
            {
              "style": {
                "color": [
                  "#2b4b6d"
                ]
              },
              "name": "AlturaEdificios",
              "label": "AlturaEdificios"
            }
          ],
          "type": "series"
        },
        "legend": {
          "show": false,
          "textStyle": {
            "color": "#000",
            "fontSize": 12
          }
        },
        "xAxis": {
          "show": true,
          "textStyle": {
            "color": "#000",
            "fontSize": 12
          },
          "nameTextStyle": {
            "color": "#000"
          }
        },
        "yAxis": {
          "show": true,
          "textStyle": {
            "color": "#000",
            "fontSize": 12
          },
          "nameTextStyle": {
            "color": "#000"
          }
        },
        "marks": {}
      }
    },
    {
      "id": "7494918299254627-3",
      "type": "text",
      "visible": false,
      "config": {
        "background": {
          "backgroundColor": "#FFF",
          "alignment": {
            "horizontal": "center",
            "vertical": "top"
          },
          "link": ""
        },
        "font": {
          "font": {
            "fontFamily": "Arial",
            "bold": false,
            "italic": false,
            "underline": false
          },
          "fontSize": 12,
          "textColor": "#282828"
        },
        "text": "Description: additional information about this infographic."
      }
    }
  ],
  "name": "column",
  "wid": "7494918299254627",
  "dataSource": {
    "dataSourceType": "DATA_SOURCE_FEATURE_LAYER_FROM_MAP",
    "name": "Edificios",
    "layerId": "PropuestaCN01_VD_WFL1_7145",
    "useSelection": true,
    "filterByExtent": "on"
  }
}
