{
  "layout": {
    "definition": [
      {
        "type": "column",
        "isClosable": true,
        "reorderEnabled": true,
        "title": "",
        "content": [
          {
            "type": "stack",
            "isClosable": true,
            "reorderEnabled": true,
            "title": "",
            "height": 58.88501742160279,
            "activeItemIndex": 0,
            "content": [
              {
                "type": "component",
                "isClosable": true,
                "componentName": "jimu grid",
                "componentState": {
                  "id": "49697439899599094-2"
                },
                "reorderEnabled": true,
                "title": "jimu grid",
                "id": "49697439899599094-2"
              }
            ]
          },
          {
            "type": "stack",
            "isClosable": true,
            "reorderEnabled": true,
            "title": "",
            "height": 41.11498257839721,
            "activeItemIndex": 0,
            "content": [
              {
                "type": "component",
                "isClosable": true,
                "componentName": "jimu grid",
                "componentState": {
                  "id": "49697439899599094-3"
                },
                "reorderEnabled": true,
                "title": "jimu grid",
                "id": "49697439899599094-3"
              }
            ]
          }
        ]
      }
    ]
  },
  "dijits": [
    {
      "id": "49697439899599094-1",
      "type": "text",
      "visible": false,
      "config": {
        "background": {
          "backgroundColor": "#FFF",
          "alignment": {
            "horizontal": "center",
            "vertical": "middle"
          },
          "link": ""
        },
        "font": {
          "font": {
            "fontFamily": "Arial",
            "bold": false,
            "italic": false,
            "underline": false
          },
          "fontSize": 16,
          "textColor": "#282828"
        },
        "text": "TITLE OF THE INFOGRAPHIC"
      }
    },
    {
      "id": "49697439899599094-2",
      "type": "image",
      "visible": true,
      "config": {
        "background": {
          "backgroundColor": "#FFF",
          "alignment": {
            "horizontal": "center",
            "vertical": "middle"
          },
          "link": ""
        },
        "image": "${appPath}/configs/Infographic/image1554661187517.jpeg"
      }
    },
    {
      "id": "49697439899599094-3",
      "type": "number",
      "visible": true,
      "config": {
        "indicators": [],
        "background": {
          "backgroundColor": "#FFF",
          "alignment": {
            "horizontal": "center",
            "vertical": "middle"
          },
          "link": ""
        },
        "font": {
          "font": {
            "fontFamily": "Arial",
            "bold": true,
            "italic": false,
            "underline": false
          },
          "fontSize": "36",
          "textColor": "#2b4b6d"
        },
        "dataFormat": {
          "unit": "none",
          "decimalPlaces": "0",
          "digitSeparator": true,
          "prefix": "",
          "suffix": ""
        },
        "statistics": [
          {
            "type": "value",
            "config": {
              "type": "stat",
              "value": {
                "type": "count"
              }
            }
          }
        ]
      }
    },
    {
      "id": "49697439899599094-4",
      "type": "text",
      "visible": false,
      "config": {
        "background": {
          "backgroundColor": "#FFF",
          "alignment": {
            "horizontal": "center",
            "vertical": "middle"
          },
          "link": ""
        },
        "font": {
          "font": {
            "fontFamily": "Arial",
            "bold": false,
            "italic": false,
            "underline": false
          },
          "fontSize": 12,
          "textColor": "#282828"
        },
        "text": "Description: additional information about this infographic."
      }
    }
  ],
  "name": "number",
  "wid": "49697439899599094",
  "dataSource": {
    "dataSourceType": "DATA_SOURCE_FEATURE_LAYER_FROM_MAP",
    "name": "EncuenstaCiudadana",
    "layerId": "survey123_27093cc648bf44bfbaf92d6661cdb6d5_6540",
    "useSelection": true,
    "filterByExtent": "on"
  }
}
