{
  "name": "Aplicación PLANEO - Planificación participativa-Propuesta 1",
  "description": "Cuadro de Mando, que informa los votos de  la propuesta 1 de Castellana Norte, ademas de la informacion obtenida de la misma, como asi tambien informacion que contiene la propuesta, y permiten tomar decicisones al personal de Castellana Norte",
  "createdTime": 1554142075561,
  "lastUpdated": 1554745805858,
  "creator": "carobiandrate",
  "icon": "images/icon.jpeg",
  "thumbnail": "images/thumbnail.jpeg"
}